Original names	New names
images/images/jupyter1.png	images/prbc_0001.png
images/images/jupyter2.png	images/prbc_0002.png
images/images/jupyter3.png	images/prbc_0003.png
images/images/jupyter4.png	images/prbc_0004.png
images/images/longdivision.png	images/prbc_0101.png
images/images/longdivision-2.png	images/prbc_0102.png
images/images/clock.jpg	images/prbc_0103.png
images/images/linear.png	images/prbc_0201.png
images/images/quadratic.png	images/prbc_0202.png
images/images/cubic.png	images/prbc_0203.png
images/images/elliptic2.png	images/prbc_0204.png
images/images/elliptic1.png	images/prbc_0205.png
images/images/process1.png	images/prbc_0206.png
images/images/process2.png	images/prbc_0207.png
images/images/process3.png	images/prbc_0208.png
images/images/elliptic3.png	images/prbc_0209.png
images/images/intersect1.png	images/prbc_0210.png
images/images/intersect3.png	images/prbc_0211.png
images/images/intersect2-1.png	images/prbc_0212.png
images/images/intersect2-2.png	images/prbc_0213.png
images/images/pointaddition.png	images/prbc_0214.png
images/images/intersect2-1.png	images/prbc_0215.png
images/images/associativity1.png	images/prbc_0216.png
images/images/associativity2.png	images/prbc_0217.png
images/images/intersect2-2.png	images/prbc_0218.png
images/images/tangentvertical.png	images/prbc_0219.png
images/images/elliptic3.png	images/prbc_0301.png
images/images/finitefieldellipticcurve.png	images/prbc_0302.png
images/images/linefinitefield.png	images/prbc_0303.png
images/images/scatterplot.png	images/prbc_0304.png
images/images/intersect2-1.png	images/prbc_0305.png
images/images/intersect2-1.png	images/prbc_0306.png
images/images/pointaddition.png	images/prbc_0307.png
images/images/associativity1.png	images/prbc_0308.png
images/images/associativity2.png	images/prbc_0309.png
images/images/sec1.png	images/prbc_0401.png
images/images/intersect2-1.png	images/prbc_0402.png
images/images/sec2.png	images/prbc_0403.png
images/images/der.png	images/prbc_0404.png
images/images/tx1.png	images/prbc_0501.png
images/images/tx2.png	images/prbc_0502.png
images/images/tx3.png	images/prbc_0503.png
images/images/tx4.png	images/prbc_0504.png
images/images/tx5.png	images/prbc_0505.png
images/images/tx6.png	images/prbc_0506.png
images/images/tx7.png	images/prbc_0507.png
images/images/tx8.png	images/prbc_0508.png
images/images/script1.png	images/prbc_0601.png
images/images/script2.png	images/prbc_0602.png
images/images/op_dup.png	images/prbc_0603.png
images/images/op_hash160.png	images/prbc_0604.png
images/images/op_checksig.png	images/prbc_0605.png
images/images/script3.png	images/prbc_0606.png
images/images/p2pk1.png	images/prbc_0607.png
images/images/p2pk2.png	images/prbc_0608.png
images/images/p2pk3.png	images/prbc_0609.png
images/images/p2pk4.png	images/prbc_0610.png
images/images/p2pk5.png	images/prbc_0611.png
images/images/p2pk6.png	images/prbc_0612.png
images/images/p2pk7.png	images/prbc_0613.png
images/images/p2pk8.png	images/prbc_0614.png
images/images/p2pkh1.png	images/prbc_0615.png
images/images/p2pkh2.png	images/prbc_0616.png
images/images/p2pkh3.png	images/prbc_0617.png
images/images/p2pkh4.png	images/prbc_0618.png
images/images/p2pkh5.png	images/prbc_0619.png
images/images/p2pkh6.png	images/prbc_0620.png
images/images/p2pkh7.png	images/prbc_0621.png
images/images/p2pkh8.png	images/prbc_0622.png
images/images/p2pkh9.png	images/prbc_0623.png
images/images/p2pkh10.png	images/prbc_0624.png
images/images/ex1.png	images/prbc_0625.png
images/images/ex2.png	images/prbc_0626.png
images/images/ex3.png	images/prbc_0627.png
images/images/ex4.png	images/prbc_0628.png
images/images/ex5.png	images/prbc_0629.png
images/images/ex6.png	images/prbc_0630.png
images/images/ex7.png	images/prbc_0631.png
images/images/ex8.png	images/prbc_0632.png
images/images/ex9.png	images/prbc_0633.png
images/images/validation1.png	images/prbc_0701.png
images/images/validation2.png	images/prbc_0702.png
images/images/script3.png	images/prbc_0703.png
images/images/validation3.png	images/prbc_0704.png
images/images/validation4.png	images/prbc_0705.png
images/images/txcreation1.png	images/prbc_0706.png
images/images/multisig1.png	images/prbc_0801.png
images/images/multisig2.png	images/prbc_0802.png
images/images/multisig3.png	images/prbc_0803.png
images/images/multisig4.png	images/prbc_0804.png
images/images/multisig5.png	images/prbc_0805.png
images/images/multisig6.png	images/prbc_0806.png
images/images/multisig7.png	images/prbc_0807.png
images/images/multisig8.png	images/prbc_0808.png
images/images/p2sh1.png	images/prbc_0809.png
images/images/p2sh2.png	images/prbc_0810.png
images/images/p2sh3.png	images/prbc_0811.png
images/images/p2sh4.png	images/prbc_0812.png
images/images/p2sh5.png	images/prbc_0813.png
images/images/p2sh1.png	images/prbc_0814.png
images/images/p2sh6.png	images/prbc_0815.png
images/images/p2sh7.png	images/prbc_0816.png
images/images/p2sh8.png	images/prbc_0817.png
images/images/p2sh9.png	images/prbc_0818.png
images/images/p2sh10.png	images/prbc_0819.png
images/images/p2sh2.png	images/prbc_0820.png
images/images/p2sh11.png	images/prbc_0821.png
images/images/p2sh12.png	images/prbc_0822.png
images/images/p2sh13.png	images/prbc_0823.png
images/images/op_eval.png	images/prbc_0824.png
images/images/verifyp2sh1.png	images/prbc_0825.png
images/images/verifyp2sh2.png	images/prbc_0826.png
images/images/verifyp2sh3.png	images/prbc_0827.png
images/images/verifyp2sh4.png	images/prbc_0828.png
images/images/p2sh-sigelements.png	images/prbc_0829.png
images/images/coinbase1.png	images/prbc_0901.png
images/images/block1.png	images/prbc_0902.png
images/images/network1.png	images/prbc_1001.png
images/images/network2.png	images/prbc_1002.png
images/images/getheaders.png	images/prbc_1003.png
images/images/headers.png	images/prbc_1004.png
images/images/merkle1.png	images/prbc_1101.png
images/images/merkleproof.png	images/prbc_1102.png
images/images/breadthfirst.png	images/prbc_1103.png
images/images/depthfirst.png	images/prbc_1104.png
images/images/merkleproof.png	images/prbc_1105.png
images/images/merkleblock.png	images/prbc_1106.png
images/images/merkleproof2.png	images/prbc_1107.png
images/images/bloomfilter1.png	images/prbc_1201.png
images/images/bloomfilter2.png	images/prbc_1202.png
images/images/bloomfilter3.png	images/prbc_1203.png
images/images/filterload.png	images/prbc_1204.png
images/images/getdata.png	images/prbc_1205.png
images/images/p2wpkh1.png	images/prbc_1301.png
images/images/p2wpkh2.png	images/prbc_1302.png
images/images/p2wpkh3.png	images/prbc_1303.png
images/images/p2wpkh4.png	images/prbc_1304.png
images/images/p2wpkh5.png	images/prbc_1305.png
images/images/p2wpkh6.png	images/prbc_1306.png
images/images/p2wpkh7.png	images/prbc_1307.png
images/images/p2wpkh13.png	images/prbc_1308.png
images/images/p2sh-p2wpkh1.png	images/prbc_1309.png
images/images/p2sh-p2wpkh2.png	images/prbc_1310.png
images/images/p2sh-p2wpkh3.png	images/prbc_1311.png
images/images/p2sh-p2wpkh4.png	images/prbc_1312.png
images/images/p2sh-p2wpkh5.png	images/prbc_1313.png
images/images/p2sh-p2wpkh6.png	images/prbc_1314.png
images/images/p2sh-p2wpkh7.png	images/prbc_1315.png
images/images/p2sh-p2wpkh8.png	images/prbc_1316.png
images/images/p2sh-p2wpkh9.png	images/prbc_1317.png
images/images/p2sh-p2wpkh10.png	images/prbc_1318.png
images/images/p2sh-p2wpkh11.png	images/prbc_1319.png
images/images/p2wsh-3.png	images/prbc_1320.png
images/images/p2wsh-4.png	images/prbc_1321.png
images/images/p2wsh-8.png	images/prbc_1322.png
images/images/p2wsh-9.png	images/prbc_1323.png
images/images/p2wsh-10.png	images/prbc_1324.png
images/images/p2wsh-11.png	images/prbc_1325.png
images/images/p2wsh-6.png	images/prbc_1326.png
images/images/p2wsh-7.png	images/prbc_1327.png
images/images/p2wsh-12.png	images/prbc_1328.png
images/images/p2wsh-13.png	images/prbc_1329.png
images/images/p2wsh-14.png	images/prbc_1330.png
images/images/p2sh-p2wsh-4.png	images/prbc_1331.png
images/images/p2sh-p2wsh-1.png	images/prbc_1332.png
images/images/p2sh-p2wpkh3.png	images/prbc_1333.png
images/images/p2sh-p2wpkh4.png	images/prbc_1334.png
images/images/p2sh-p2wpkh5.png	images/prbc_1335.png
images/images/p2sh-p2wpkh6.png	images/prbc_1336.png
images/images/p2sh-p2wpkh7.png	images/prbc_1337.png
images/images/p2sh-p2wsh-6.png	images/prbc_1338.png
images/images/p2wsh-9.png	images/prbc_1339.png
images/images/p2wsh-10.png	images/prbc_1340.png
images/images/p2wsh-11.png	images/prbc_1341.png
images/images/p2sh-p2wsh-8.png	images/prbc_1342.png
images/images/p2wsh-7.png	images/prbc_1343.png
images/images/p2wsh-12.png	images/prbc_1344.png
images/images/p2wsh-14.png	images/prbc_1345.png
